epoch,accuracy,auc,loss,precision,recall,val_accuracy,val_auc,val_loss,val_precision,val_recall
0,0.5112823843955994,0.5659217238426208,0.6872918605804443,0.2259581834077835,0.6126593947410583,0.648396909236908,0.6107807755470276,0.6556212902069092,0.2613333463668823,0.4321940541267395
1,0.5985699892044067,0.6215661764144897,0.6713927984237671,0.2611519992351532,0.5696740746498108,0.6013864874839783,0.6247056126594543,0.6625081300735474,0.2623535394668579,0.5678059458732605
2,0.624013364315033,0.640783429145813,0.6627659797668457,0.2751396596431732,0.5583372712135315,0.5782062411308289,0.6266491413116455,0.6769651174545288,0.2576887309551239,0.6097022891044617
3,0.6173275113105774,0.6504528522491455,0.6577643752098083,0.2773333191871643,0.5895134806632996,0.6501299738883972,0.6261650323867798,0.6350557208061218,0.27763819694519043,0.48732084035873413
4,0.6331135630607605,0.6559560298919678,0.6548407673835754,0.2861473858356476,0.5795937776565552,0.6323657035827637,0.6266025304794312,0.655252993106842,0.27272728085517883,0.5226019620895386
5,0.6365493535995483,0.6659289598464966,0.6501381397247314,0.28982457518577576,0.5852621793746948,0.6020364165306091,0.6275960206985474,0.6698557734489441,0.26633167266845703,0.5843439698219299
6,0.6391494274139404,0.6718415021896362,0.6467628479003906,0.2947319447994232,0.5999055504798889,0.6457972526550293,0.6264273524284363,0.6413517594337463,0.27750611305236816,0.5005512833595276
7,0.6499210596084595,0.6776328086853027,0.6437669992446899,0.30146530270576477,0.5928200483322144,0.5888214707374573,0.626496434211731,0.6773620247840881,0.25934919714927673,0.5887541174888611
8,0.6393351554870605,0.6821064949035645,0.6414047479629517,0.2989761233329773,0.6206896305084229,0.5784229040145874,0.6277581453323364,0.6862475872039795,0.2573563754558563,0.6074972152709961
