epoch,accuracy,auc,loss,precision,recall,val_accuracy,val_auc,val_loss,val_precision,val_recall
0,0.6458452939987183,0.6487411856651306,1.3756681680679321,0.4510018825531006,0.583670973777771,0.6394830942153931,0.6841923594474792,0.9088074564933777,0.4545454680919647,0.7348771095275879
1,0.6672397255897522,0.7209469079971313,0.8076246380805969,0.47966909408569336,0.6930713057518005,0.7485145330429077,0.7917975783348083,0.5759027600288391,0.5968850255012512,0.6157845258712769
2,0.6810569763183594,0.7641768455505371,0.683758556842804,0.49501296877861023,0.7339951395988464,0.6492869853973389,0.7561095356941223,0.6761298179626465,0.4650897681713104,0.771266520023346
3,0.6924546360969543,0.7818671464920044,0.6543591022491455,0.5073960423469543,0.7366288304328918,0.7100415825843811,0.7827343940734863,0.6356112957000732,0.5287315845489502,0.7131379842758179
4,0.7106017470359802,0.8039113879203796,0.5985497236251831,0.5274617075920105,0.760737419128418,0.6342840194702148,0.7930733561515808,0.6894294619560242,0.4557318389415741,0.8416824340820312
5,0.7186883091926575,0.8067136406898499,0.5970285534858704,0.5374277234077454,0.7534440755844116,0.5920974612236023,0.7689367532730103,0.6944576501846313,0.42456895112991333,0.8379017114639282
6,0.735116183757782,0.8209490180015564,0.558532178401947,0.5582757592201233,0.7530388832092285,0.7045454382896423,0.8122811317443848,0.5982716679573059,0.5195324420928955,0.7982041835784912
